{"cameraMode":{"drawMode":0,"name":"Shaded","section":"Shading Mode"},"sceneLighting":false,"audioPlay":false,"sceneViewState":{"showFog":true,"showMaterialUpdate":false,"showSkybox":false,"showFlares":true,"showImageEffects":true,"showParticleSystems":true},"in2DMode":false,"pivot":{"x":1.6119999885559083,"y":1.1410000324249268,"z":-1.3700000047683716},"rotation":{"x":0.01016306970268488,"y":0.07252999395132065,"z":0.0007391656981781125,"w":-0.9973142147064209},"size":0.3500179052352905,"orthographic":false}